,name,time
0,DeepDAC,8563.643505334854
1,DeepDAC_filter,17617.322648763657
