,name,time
0,NAC,203.59588861465454
1,TKNC,215.92932105064392
2,NBC,323.6018080711365
3,SNAC,248.72560501098633
