,name,time
0,NAC,206.39702582359314
1,TKNC,190.99383354187012
2,NBC,328.5709557533264
3,SNAC,250.9393606185913
