,name,time
0,NAC,170.93040418624878
1,TKNC,162.52088594436646
2,NBC,248.14996933937073
3,SNAC,200.40831542015076
