,name,time
0,NAC,211.1444582939148
1,TKNC,198.9704818725586
2,NBC,303.383234500885
3,SNAC,246.36859011650085
