,name,time
0,NAC,202.74347114562988
1,TKNC,187.99974465370178
2,NBC,293.1825177669525
3,SNAC,240.35126161575317
