,name,time
0,NAC,25.35925006866455
1,TKNC,13.778242111206055
2,NBC,31.424201250076294
3,SNAC,26.53397488594055
