,name,time
0,NAC,24.31467580795288
1,TKNC,13.146243333816528
2,NBC,40.95332384109497
3,SNAC,26.29528260231018
