,name,time
0,NAC,21.591354370117188
1,TKNC,11.367804050445557
2,NBC,27.245519399642944
3,SNAC,22.229173183441162
