,name,time
0,NAC,25.1533305644989
1,TKNC,14.089505195617676
2,NBC,30.732672691345215
3,SNAC,27.185948848724365
