,name,time
0,NAC,25.023918390274048
1,TKNC,13.277851581573486
2,NBC,34.02773427963257
3,SNAC,26.618635654449463
