,name,time
0,Gini,19.13993239402771
1,DeepDiv,767.1583390235901
2,DeepDAC,1991.6061742305756
