,name,time
0,Gini,9.148177862167358
1,DeepDiv,815.4165947437286
2,DeepDAC,1816.0227346420288
