,name,time
0,Gini,14.42915964126587
1,DeepDiv,551.1151752471924
2,DeepDAC,1617.0176289081573
