,name,time
0,Gini,17.41297936439514
1,DeepDiv,707.989175081253
2,DeepDAC,1930.3621776103973
