,name,time
0,Gini,11.544945001602173
1,DeepDiv,737.1381597518921
2,DeepDAC,2104.9595963954926
