,name,time
0,NAC,40.274784564971924
1,TKNC,16.835076808929443
2,NBC,41.42045569419861
3,SNAC,37.24826741218567
