,name,time
0,NAC,38.83035659790039
1,TKNC,16.536575317382812
2,NBC,57.75920915603638
3,SNAC,38.644938230514526
