,name,time
0,NAC,31.58618664741516
1,TKNC,13.636605262756348
2,NBC,35.11749029159546
3,SNAC,32.09363389015198
