,name,time
0,NAC,39.62919282913208
1,TKNC,17.987510442733765
2,NBC,43.55329990386963
3,SNAC,40.62481617927551
