,name,time
0,NAC,39.719019412994385
1,TKNC,16.169328212738037
2,NBC,40.97275948524475
3,SNAC,38.25875496864319
