,name,time
0,Gini,15.5870201587677
1,DeepDiv,303.1460247039795
2,DeepDAC,1799.4676008224487
