,name,time
0,Gini,17.99347233772278
1,DeepDiv,321.67340326309204
2,DeepDAC,1983.4027862548828
