,name,time
0,Gini,12.238837003707886
1,DeepDiv,182.8723349571228
2,DeepDAC,1595.480833530426
