,name,time
0,Gini,14.730803728103638
1,DeepDiv,353.72740387916565
2,DeepDAC,1999.0073218345642
