,name,time
0,Gini,16.01103162765503
1,DeepDiv,219.29398202896118
2,DeepDAC,2152.5927028656006
