,name,time
0,Gini,2.3847055435180664
1,DeepDiv,518.4453299045563
2,DeepDAC,1330.0275604724884
