,name,time
0,Gini,4.460465669631958
1,DeepDiv,485.8584053516388
2,DeepDAC,1411.6529483795166
