,name,time
0,Gini,1.8454005718231201
1,DeepDiv,359.46566009521484
2,DeepDAC,1107.4967827796936
