,name,time
0,Gini,2.48305344581604
1,DeepDiv,564.2707822322845
2,DeepDAC,1313.9617500305176
