,name,time
0,Gini,2.412656784057617
1,DeepDiv,466.31799030303955
2,DeepDAC,1309.1633040904999
