,name,time
0,NAC,134.56548810005188
1,TKNC,184.15849685668945
2,NBC,235.33627104759216
3,SNAC,185.00852632522583
