,name,time
0,NAC,115.7645800113678
1,TKNC,193.45437383651733
2,NBC,225.77686095237732
3,SNAC,157.85053753852844
