,name,time
0,NAC,105.30764508247375
1,TKNC,154.08425641059875
2,NBC,196.99983406066895
3,SNAC,155.94626021385193
