,name,time
0,NAC,148.28829765319824
1,TKNC,190.6981987953186
2,NBC,243.37205410003662
3,SNAC,193.93721318244934
