,name,time
0,NAC,137.77390480041504
1,TKNC,185.26927495002747
2,NBC,235.21802711486816
3,SNAC,185.6634714603424
