,name,time
0,NAC,38.911999225616455
1,TKNC,57.053125858306885
2,NBC,66.06923651695251
3,SNAC,50.662453174591064
