,name,time
0,NAC,39.857433557510376
1,TKNC,56.29929542541504
2,NBC,77.46131873130798
3,SNAC,47.62889122962952
