,name,time
0,NAC,32.36787796020508
1,TKNC,45.94746947288513
2,NBC,54.933509826660156
3,SNAC,40.36420965194702
