,name,time
0,NAC,39.29819464683533
1,TKNC,58.319331884384155
2,NBC,64.90715837478638
3,SNAC,48.193015575408936
