,name,time
0,NAC,37.726001262664795
1,TKNC,55.50375533103943
2,NBC,66.77019715309143
3,SNAC,48.595497131347656
