,name,time
0,NAC,57.63207483291626
1,TKNC,59.193822383880615
2,NBC,82.43659472465515
3,SNAC,61.7807514667511
