,name,time
0,NAC,60.20661234855652
1,TKNC,59.167468309402466
2,NBC,106.4806478023529
3,SNAC,66.75407862663269
