,name,time
0,NAC,44.751944065093994
1,TKNC,48.92184519767761
2,NBC,67.17346048355103
3,SNAC,53.360353231430054
