,name,time
0,NAC,54.00872302055359
1,TKNC,60.02293610572815
2,NBC,77.92503309249878
3,SNAC,65.63394069671631
