,name,time
0,NAC,56.658037424087524
1,TKNC,59.08012866973877
2,NBC,81.61639595031738
3,SNAC,65.30404996871948
