,name,time
0,NAC,38.92993402481079
1,TKNC,16.398287057876587
2,NBC,43.16107964515686
3,SNAC,35.49238920211792
