,name,time
0,NAC,37.405558347702026
1,TKNC,17.389726161956787
2,NBC,60.26797318458557
3,SNAC,39.3571937084198
