,name,time
0,NAC,29.979435205459595
1,TKNC,14.058367013931274
2,NBC,35.18840408325195
3,SNAC,31.267839193344116
