,name,time
0,NAC,39.422733783721924
1,TKNC,17.898371696472168
2,NBC,40.9155433177948
3,SNAC,41.22761559486389
