,name,time
0,NAC,34.00337195396423
1,TKNC,17.158300161361694
2,NBC,41.768394470214844
3,SNAC,40.00837683677673
