,name,time
0,DeepDAC,2337.910119533539
1,DeepDAC_2,2544.9260041713715
