,name,time
0,NAC,567.7688734531403
1,TKNC,291.72866773605347
2,NBC,651.3243036270142
3,SNAC,553.2739667892456
