,name,time
0,NAC,539.759792804718
1,TKNC,300.63846015930176
2,NBC,855.9710340499878
3,SNAC,531.3062362670898
