,name,time
0,NAC,470.86959314346313
1,TKNC,242.1291217803955
2,NBC,550.3082444667816
3,SNAC,473.65797424316406
