,name,time
0,NAC,593.0381269454956
1,TKNC,308.45848536491394
2,NBC,622.3982639312744
3,SNAC,565.0247008800507
