,name,time
0,NAC,558.3633692264557
1,TKNC,285.0481586456299
2,NBC,634.796975851059
3,SNAC,553.4907076358795
