,name,time
0,Gini,17.0907940864563
1,DeepDiv,526.675056219101
2,DeepDAC,1392.2352702617645
