,name,time
0,Gini,9.703895330429077
1,DeepDiv,522.2308232784271
2,DeepDAC,1574.205403804779
