,name,time
0,Gini,8.910131692886353
1,DeepDiv,354.4429590702057
2,DeepDAC,1163.541205406189
