,name,time
0,Gini,16.73159122467041
1,DeepDiv,505.0628101825714
2,DeepDAC,1720.978467464447
