,name,time
0,Gini,18.76852560043335
1,DeepDiv,421.5867440700531
2,DeepDAC,1634.072188615799
