,name,time
0,NAC,5488.284447669983
1,TKNC,5171.176646232605
2,NBC,5509.447576522827
3,SNAC,3121.650162935257
