,name,time
0,NAC,1599.6211423873901
1,TKNC,5623.390446424484
2,NBC,5869.230899810791
3,SNAC,3414.703583717346
