,name,time
0,NAC,1288.3548171520233
1,TKNC,3851.771720647812
2,NBC,4038.735288619995
3,SNAC,2515.1752145290375
