,name,time
0,NAC,1504.4427030086517
1,TKNC,4766.449174404144
2,NBC,4828.191080570221
3,SNAC,3108.4114232063293
