,name,time
0,NAC,1501.5206801891327
1,TKNC,4560.834188222885
2,NBC,7050.494448661804
3,SNAC,5463.814926147461
