,name,time
0,NAC,390.5427188873291
1,TKNC,228.83830070495605
2,NBC,523.5272891521454
3,SNAC,390.7284595966339
