,name,time
0,NAC,455.8217463493347
1,TKNC,298.4225103855133
2,NBC,888.9484066963196
3,SNAC,487.1020588874817
