,name,time
0,NAC,383.92662239074707
1,TKNC,196.9377920627594
2,NBC,471.93113684654236
3,SNAC,365.97249960899353
