,name,time
0,NAC,449.0984728336334
1,TKNC,223.6460657119751
2,NBC,461.0124468803406
3,SNAC,442.9287540912628
