,name,time
0,NAC,428.1461865901947
1,TKNC,225.54838824272156
2,NBC,558.3847844600677
3,SNAC,417.2394163608551
