,name,time
0,NAC,483.9386122226715
1,TKNC,294.8563859462738
2,NBC,689.2722861766815
3,SNAC,592.3837802410126
