,name,time
0,NAC,542.0401923656464
1,TKNC,262.4506959915161
2,NBC,748.3244004249573
3,SNAC,456.08222556114197
