,name,time
0,NAC,384.7468328475952
1,TKNC,217.08197498321533
2,NBC,459.0332815647125
3,SNAC,375.4685914516449
