,name,time
0,NAC,475.29029297828674
1,TKNC,270.1126081943512
2,NBC,514.5725984573364
3,SNAC,467.61615777015686
