,name,time
0,NAC,453.2399353981018
1,TKNC,264.11521649360657
2,NBC,549.8210105895996
3,SNAC,455.4561142921448
