,name,time
0,NAC,651.1846845149994
1,TKNC,2651.8838284015656
2,NBC,1946.1543180942535
3,SNAC,1134.1200861930847
