,name,time
0,NAC,559.507212638855
1,TKNC,2540.150081396103
2,NBC,2116.9917204380035
3,SNAC,1118.1266660690308
