,name,time
0,NAC,445.39641642570496
1,TKNC,2053.1405420303345
2,NBC,1548.2989568710327
3,SNAC,896.2038929462433
