,name,time
0,NAC,570.6750802993774
1,TKNC,2381.251378297806
2,NBC,1835.4280014038086
3,SNAC,1133.3076136112213
