,name,time
0,NAC,558.786639213562
1,TKNC,2341.3358817100525
2,NBC,1864.052976846695
3,SNAC,1465.0396842956543
