,name,time
0,NAC,466.07835721969604
1,TKNC,2330.2961161136627
2,NBC,1678.3109781742096
3,SNAC,942.5874526500702
