,name,time
0,NAC,461.8226399421692
1,TKNC,2458.678741455078
2,NBC,1682.655266046524
3,SNAC,956.3613574504852
