,name,time
0,NAC,387.30375695228577
1,TKNC,1945.0858767032623
2,NBC,1297.5554206371307
3,SNAC,762.6160683631897
