,name,time
0,NAC,470.86856389045715
1,TKNC,2318.169580936432
2,NBC,1476.8493959903717
3,SNAC,966.736270904541
