,name,time
0,NAC,589.9118721485138
1,TKNC,2440.764878988266
2,NBC,1529.64990568161
3,SNAC,895.0835752487183
