,name,time
0,NAC,489.1210277080536
1,TKNC,241.73357963562012
2,NBC,603.1575269699097
3,SNAC,501.0889256000519
