,name,time
0,NAC,482.0174262523651
1,TKNC,236.52476739883423
2,NBC,804.3535978794098
3,SNAC,500.7471935749054
