,name,time
0,NAC,413.2679326534271
1,TKNC,207.27222275733948
2,NBC,495.346045255661
3,SNAC,426.02309346199036
