,name,time
0,NAC,494.42336559295654
1,TKNC,242.90119004249573
2,NBC,563.6475372314453
3,SNAC,495.5695369243622
