,name,time
0,NAC,495.707576751709
1,TKNC,238.34336519241333
2,NBC,591.2763679027557
3,SNAC,502.9687063694
