,name,time
0,NAC,506.0790636539459
1,TKNC,243.5607874393463
2,NBC,521.1916961669922
3,SNAC,442.78360629081726
