,name,time
0,NAC,429.4410355091095
1,TKNC,238.3264377117157
2,NBC,676.3133778572083
3,SNAC,425.207701921463
