,name,time
0,NAC,359.78065156936646
1,TKNC,214.77479004859924
2,NBC,459.46885228157043
3,SNAC,441.79553723335266
