,name,time
0,NAC,531.3868095874786
1,TKNC,283.0186233520508
2,NBC,587.0558054447174
3,SNAC,537.7157354354858
