,name,time
0,NAC,526.0980367660522
1,TKNC,269.04727029800415
2,NBC,687.9205288887024
3,SNAC,529.5258364677429
