,name,time
0,NAC,1719.3056092262268
1,TKNC,4736.1849246025085
2,NBC,4998.835558652878
3,SNAC,3071.2629640102386
