,name,time
0,NAC,1708.7747824192047
1,TKNC,5324.543766975403
2,NBC,5956.0221972465515
3,SNAC,3493.7542536258698
