,name,time
0,NAC,1416.8928122520447
1,TKNC,3855.9045243263245
2,NBC,4311.985405445099
3,SNAC,2696.467453956604
