,name,time
0,NAC,1724.5640408992767
1,TKNC,4761.296586036682
2,NBC,4949.513895273209
3,SNAC,3284.3314921855927
