,name,time
0,NAC,1712.556604385376
1,TKNC,4634.225355863571
2,NBC,5256.0051882267
3,SNAC,3316.0685930252075
