,name,time
0,NAC,480.17433428764343
1,TKNC,264.4368278980255
2,NBC,644.0102763175964
3,SNAC,486.3619112968445
