,name,time
0,NAC,489.1224422454834
1,TKNC,245.55986166000366
2,NBC,807.654278755188
3,SNAC,499.9148075580597
