,name,time
0,NAC,404.87588453292847
1,TKNC,222.276211977005
2,NBC,509.2797155380249
3,SNAC,406.41810059547424
