,name,time
0,NAC,489.9554615020752
1,TKNC,274.64584517478943
2,NBC,569.4518146514893
3,SNAC,476.11647844314575
