,name,time
0,NAC,479.3046615123749
1,TKNC,263.9766643047333
2,NBC,621.5359971523285
3,SNAC,478.2303445339203
