,name,time
0,NAC,28.508606910705566
1,TKNC,14.51609182357788
2,NBC,34.155401945114136
3,SNAC,27.22589659690857
