,name,time
0,NAC,27.420499324798584
1,TKNC,14.885892152786255
2,NBC,47.42564797401428
3,SNAC,30.81552481651306
