,name,time
0,NAC,25.632790088653564
1,TKNC,13.65912675857544
2,NBC,28.375858306884766
3,SNAC,24.08332848548889
