,name,time
0,NAC,28.3619384765625
1,TKNC,14.030378103256226
2,NBC,32.28136110305786
3,SNAC,30.036854028701782
