,name,time
0,NAC,28.58418369293213
1,TKNC,16.130879402160645
2,NBC,34.928818464279175
3,SNAC,29.8528048992157
