,name,time
0,NAC,2685.8515079021454
1,TKNC,4957.650918960571
2,NBC,4967.658915281296
3,SNAC,3014.693841934204
