,name,time
0,NAC,1414.65513753891
1,TKNC,5601.041673660278
2,NBC,5992.027244091034
3,SNAC,3309.2698798179626
