,name,time
0,NAC,1970.410076379776
1,TKNC,4101.507874727249
2,NBC,4323.535935163498
3,SNAC,2605.657442331314
