,name,time
0,NAC,2949.152261018753
1,TKNC,5338.26364159584
2,NBC,4963.235719203949
3,SNAC,3742.7331042289734
