,name,time
0,NAC,1608.9299156665802
1,TKNC,6054.087856292725
2,NBC,5565.059114217758
3,SNAC,4077.830119371414
