,name,time
0,DeepDAC,2347.569681406021
1,DeepDAC_2,2550.1032061576843
