,name,time
0,NAC,25.95725965499878
1,TKNC,13.353368043899536
2,NBC,30.2012939453125
3,SNAC,25.933075189590454
