,name,time
0,NAC,26.193875551223755
1,TKNC,12.853935480117798
2,NBC,39.972800970077515
3,SNAC,26.360337257385254
