,name,time
0,NAC,21.403454542160034
1,TKNC,10.776297807693481
2,NBC,24.891077280044556
3,SNAC,21.59691858291626
