,name,time
0,NAC,26.79835867881775
1,TKNC,13.85873556137085
2,NBC,31.41943049430847
3,SNAC,27.49275541305542
