,name,time
0,NAC,26.049699783325195
1,TKNC,12.667610168457031
2,NBC,29.782763957977295
3,SNAC,26.199021816253662
