,name,time
0,NAC,562.5094249248505
1,TKNC,2511.4454486370087
2,NBC,1983.1201469898224
3,SNAC,1221.9068024158478
