,name,time
0,NAC,554.6953237056732
1,TKNC,2487.1824746131897
2,NBC,1892.652517080307
3,SNAC,1048.6046438217163
