,name,time
0,NAC,465.741592168808
1,TKNC,1983.8498718738556
2,NBC,1379.1536433696747
3,SNAC,856.7266283035278
