,name,time
0,NAC,586.670759677887
1,TKNC,3183.377386569977
2,NBC,1916.623212814331
3,SNAC,1087.4550354480743
