,name,time
0,NAC,532.5845775604248
1,TKNC,2521.9291110038757
2,NBC,1678.2894616127014
3,SNAC,1028.1672067642212
