,name,time
0,NAC,151.63226795196533
1,TKNC,186.62036514282227
2,NBC,235.12652373313904
3,SNAC,191.43362069129944
