,name,time
0,NAC,114.13894152641296
1,TKNC,173.28506922721863
2,NBC,230.52876806259155
3,SNAC,161.65874814987183
