,name,time
0,NAC,94.30136394500732
1,TKNC,145.4133598804474
2,NBC,186.80394864082336
3,SNAC,170.09136128425598
