,name,time
0,NAC,165.10799884796143
1,TKNC,188.78238439559937
2,NBC,258.1323924064636
3,SNAC,210.40329432487488
