,name,time
0,NAC,151.8307967185974
1,TKNC,184.4147288799286
2,NBC,246.82606077194214
3,SNAC,197.29300665855408
