,name,time
0,NAC,25.34933853149414
1,TKNC,12.86109471321106
2,NBC,29.969193935394287
3,SNAC,25.98656129837036
