,name,time
0,NAC,25.12050724029541
1,TKNC,12.902048587799072
2,NBC,40.89927339553833
3,SNAC,26.119774341583252
