,name,time
0,NAC,21.052186250686646
1,TKNC,11.07350468635559
2,NBC,25.965041399002075
3,SNAC,22.079965114593506
