,name,time
0,NAC,26.222697257995605
1,TKNC,13.439985990524292
2,NBC,30.667181730270386
3,SNAC,27.079660415649414
