,name,time
0,NAC,25.451752185821533
1,TKNC,12.968870401382446
2,NBC,31.062625408172607
3,SNAC,25.944349765777588
