,name,time
0,NAC,38.13888216018677
1,TKNC,56.014687299728394
2,NBC,63.06320071220398
3,SNAC,47.422394037246704
