,name,time
0,NAC,36.271387338638306
1,TKNC,56.301565170288086
2,NBC,74.41616749763489
3,SNAC,44.594220876693726
