,name,time
0,NAC,28.76778483390808
1,TKNC,44.80939197540283
2,NBC,51.00364875793457
3,SNAC,36.509007930755615
