,name,time
0,NAC,36.836995124816895
1,TKNC,57.83676505088806
2,NBC,62.023316383361816
3,SNAC,48.61844062805176
