,name,time
0,NAC,37.647074937820435
1,TKNC,56.24089694023132
2,NBC,63.81587743759155
3,SNAC,46.69428777694702
